Model,R2_Score,MAE,MSE
Linear Regression,1.0,1.6815546486112806e-10,4.6544032657206e-20
KNeighborsRegressor,0.8147785429795352,88607.28282828283,11957660395.657776
Decision Tree,0.9987383931975284,5724.272727272727,81447721.76767677
Random Forest,0.9997590068269955,3109.3289898989847,15558211.0561901
